filename,pdf_path
AnalysisOfCyberattackOnUS,/Volumes/MiguelSSDMAC/TFM/TFM2/Casos_de_uso_tfm/Caso_1/reports_cti_hal_apt29/AnalysisOfCyberattackOnUS.pdf
CosmicDuke,/Volumes/MiguelSSDMAC/TFM/TFM2/Casos_de_uso_tfm/Caso_1/reports_cti_hal_apt29/CosmicDuke.pdf
CrowdStrike,/Volumes/MiguelSSDMAC/TFM/TFM2/Casos_de_uso_tfm/Caso_1/reports_cti_hal_apt29/CrowdStrike.pdf
F-Secure_Dukes_Whitepaper,/Volumes/MiguelSSDMAC/TFM/TFM2/Casos_de_uso_tfm/Caso_1/reports_cti_hal_apt29/F-Secure_Dukes_Whitepaper.pdf
ForkMeIAmFamous,/Volumes/MiguelSSDMAC/TFM/TFM2/Casos_de_uso_tfm/Caso_1/reports_cti_hal_apt29/ForkMeIAmFamous.pdf
GrizzlySteppe,/Volumes/MiguelSSDMAC/TFM/TFM2/Casos_de_uso_tfm/Caso_1/reports_cti_hal_apt29/GrizzlySteppe.pdf
NotSoCozy,/Volumes/MiguelSSDMAC/TFM/TFM2/Casos_de_uso_tfm/Caso_1/reports_cti_hal_apt29/NotSoCozy.pdf
PowerDukeWidespreadSpearPhishingCampaigns,/Volumes/MiguelSSDMAC/TFM/TFM2/Casos_de_uso_tfm/Caso_1/reports_cti_hal_apt29/PowerDukeWidespreadSpearPhishingCampaigns.pdf
Seaduke,/Volumes/MiguelSSDMAC/TFM/TFM2/Casos_de_uso_tfm/Caso_1/reports_cti_hal_apt29/Seaduke.pdf
TheMiniDukeMystery,/Volumes/MiguelSSDMAC/TFM/TFM2/Casos_de_uso_tfm/Caso_1/reports_cti_hal_apt29/TheMiniDukeMystery.pdf
WMIPowerShellBackdoors_POSHSPY,/Volumes/MiguelSSDMAC/TFM/TFM2/Casos_de_uso_tfm/Caso_1/reports_cti_hal_apt29/WMIPowerShellBackdoors_POSHSPY.pdf
